{
	"format_version": "1.8.0",
	"minecraft:client_entity": {
		"description": {
			"identifier": "bnr34:paul1_between",
			"materials": {
				"default": "enderman"
			},
			"textures": {
				"default": "textures/entity/bnr34/paul_walker"
			},
			"geometry": {
				"default": "geometry.bnr34_m1"
			},
			"render_controllers": [
				"controller.render.bnr34"
			],
			"animations": {
				"drive": "animation.bnr34.drive",
				"turning": "animation.bnr34.turning",
				"hood": "animation.bnr34.hood2"
			},
			"sound_effects": {
        		"close": "vehicle.bnr34.hood"
      		},
			"spawn_egg": {
				"texture": "bnr34",
				"texture_index": 0
			},
			"animation_controllers": [
				{
					"general": "controller.animation.bnr34.general3"
				}
			]
		}
	}
}