{
	"format_version": "1.8.0",
	"minecraft:client_entity": {
		"description": {
			"identifier": "gryaris:white1",
			"materials": {
				"default": "enderman"
			},
			"textures": {
				"default": "textures/entity/gryaris/white"
			},
			"geometry": {
				"default": "geometry.gryaris_m1"
			},
			"render_controllers": [
				"controller.render.gryaris"
			],
			"animations": {
				"drive": "animation.gryaris.drive",
				"turning": "animation.gryaris.turning",
				"close": "animation.gryaris.close"
			},
			"sound_effects": {
        		"close": "vehicle.gryaris.doorclose"
      		},
			"spawn_egg": {
				"texture": "gryaris",
				"texture_index": 0
			},
			"animation_controllers": [
				{
					"general": "controller.animation.gryaris.general1"
				}
			]
		}
	}
}