{
	"vehicle.22bsti.drive": {
		"category": "neutral",
		"sounds": [
		  "sounds/22bsti/drive"
		]
	},
	"vehicle.22bsti.startup": {
		"category": "neutral",
		"sounds": [
		  "sounds/22bsti/startup"
		]
	},
	"vehicle.22bsti.doorclose": {
		"category": "neutral",
		"sounds": [
		  "sounds/22bsti/doorclose"
		]
	},
	"vehicle.22bsti.dooropen": {
		"category": "neutral",
		"sounds": [
		  "sounds/22bsti/dooropen"
		]
	},
	"vehicle.22bsti.hood": {
		"category": "neutral",
		"sounds": [
		  "sounds/22bsti/hood"
		]
	},
	"vehicle.22bsti.hit" : {
         "__use_legacy_max_distance" : "true",
         "category" : "neutral",
         "sounds" : [
            "sounds/22bsti/hit1",
            "sounds/22bsti/hit2",
            "sounds/22bsti/hit3"
        ]
    }
}