{
	"format_version": "1.8.0",
	"minecraft:client_entity": {
		"description": {
			"identifier": "mclarenf1:lm_orange1_between",
			"materials": {
				"default": "enderman",
				"glass": "entity_alphablend"
			},
			"textures": {
				"default": "textures/entity/mclarenf1/lm_orange"
			},
			"geometry": {
				"default": "geometry.mclarenf1_m1"
			},
			"render_controllers": [
				"controller.render.mclarenf1"
			],
			"animations": {
				"drive": "animation.mclarenf1.drive",
				"turning": "animation.mclarenf1.turning",
				"hood": "animation.mclarenf1.hood2"
			},
			"sound_effects": {
        		"close": "vehicle.mclarenf1.hood"
      		},
			"spawn_egg": {
				"texture": "mclarenf1",
				"texture_index": 0
			},
			"animation_controllers": [
				{
					"general": "controller.animation.mclarenf1.general3"
				}
			]
		}
	}
}