{
	"format_version": "1.8.0",
	"minecraft:client_entity": {
		"description": {
			"identifier": "22bsti:blue2",
			"materials": {
				"default": "enderman"
			},
			"textures": {
				"default": "textures/entity/22bsti/blue"
			},
			"geometry": {
				"default": "geometry.22bsti_m2"
			},
			"render_controllers": [
				"controller.render.22bsti"
			],
			"animations": {
				"drive": "animation.22bsti.drive",
				"turning": "animation.22bsti.turning",
				"door": "animation.22bsti.door",
				"open": "animation.22bsti.open",
				"meter_player": "animation.22bsti.meter_player",
				"meter_player2": "animation.22bsti.meter_player2",
				"wipers": "animation.22bsti.wipers"
			},
			"sound_effects": {
        		"open": "vehicle.22bsti.dooropen"
      		},
			"spawn_egg": {
				"texture": "22bsti",
				"texture_index": 0
			},
			"animation_controllers": [
				{
					"general": "controller.animation.22bsti.general2"
				}
			]
		}
	}
}