{
	"format_version": "1.8.0",
	"minecraft:client_entity": {
		"description": {
			"identifier": "ae86levin:wataru21",
			"materials": {
				"default": "enderman",
				"glass": "entity_alphablend"
			},
			"textures": {
				"default": "textures/entity/ae86_levin/wataru2"
			},
			"geometry": {
				"default": "geometry.ae86_levin_m1"
			},
			"render_controllers": [
				"controller.render.ae86_levin"
			],
			"animations": {
				"drive": "animation.ae86_levin.drive",
				"turning": "animation.ae86_levin.turning",
				"close": "animation.ae86_levin.close"
			},
			"sound_effects": {
        		"close": "vehicle.ae86_levin.doorclose"
      		},
			"spawn_egg": {
				"texture": "ae86_ashminggu",
				"texture_index": 0
			},
			"animation_controllers": [
				{
					"general": "controller.animation.ae86_levin.general1"
				}
			]
		}
	}
}