{
	"format_version": "1.8.0",
	"minecraft:client_entity": {
		"description": {
			"identifier": "77pfb:white1_open_between",
			"materials": {
				"default": "enderman"
			},
			"textures": {
				"default": "textures/entity/77pfb/white"
			},
			"geometry": {
				"default": "geometry.77firebird_m1_open"
			},
			"render_controllers": [
				"controller.render.77pfb"
			],
			"animations": {
				"drive": "animation.77pfb.drive",
				"turning": "animation.77pfb.turning",
				"close": "animation.77pfb.close"
			},
			"sound_effects": {
        		"close": "vehicle.77pfb.doorclose"
      		},
			"spawn_egg": {
				"texture": "77pfb",
				"texture_index": 0
			},
			"animation_controllers": [
				{
					"general": "controller.animation.77pfb.general1"
				}
			]
		}
	}
}