{
	"format_version": "1.8.0",
	"animations": {
		"animation.mclarenf1.turning": {
			"loop": true,
			"bones": {
				"fronttire1": {
					"rotation": [0, "Math.max(-26, Math.min(26,query.yaw_speed * 0.5))", 0]
				},
				"fronttire2": {
					"rotation": [0, "Math.max(-26, Math.min(26,query.yaw_speed * 0.5))", 0]
				},
				"fbl": {
					"rotation": [0, "Math.max(-26, Math.min(26,query.yaw_speed * 0.5))", 0]
				},
				"fbr": {
					"rotation": [0, "Math.max(-26, Math.min(26,query.yaw_speed * 0.5))", 0]
				},
				"steeringwheel": {
					"rotation": [0, 0, "Math.max(-30, Math.min(30,query.yaw_speed * 0.5))*-1"]
				}
			}
		},
		"animation.mclarenf1.drive": {
			"loop": true,
			"animation_length": 0.1667,
			"bones": {
				"fronttire1": {
					"rotation": {
						"0.0": [0, 0, 0],
						"0.1667": [180, 0, 0]
					}
				},
				"fronttire2": {
					"rotation": {
						"0.0": [0, 0, 0],
						"0.1667": [180, 0, 0]
					}
				},
				"backtires": {
					"rotation": {
						"0.0": [0, 0, 0],
						"0.1667": [180, 0, 0]
					}
				},
				"pecutan": {
					"position": [0, -1, 0]
				}
			}
		},
		"animation.mclarenf1.meter1": {
			"loop": false,
			"bones": {
				"speedmeter": {
					"rotation": {
						"0.0": [0, 0, 250],
						"12": [0, 0, 0]
					}
				},
				"rpm_meter": {
					"rotation": {
						//first gear
						"0.0": [0, 0, 240],
						//second gear
						"2": [0, 0, 0],
						"2.2": [0, 0, 240],
						//third gear
						"4": [0, 0, 0],
						"4.2": [0, 0, 240],
						//4th gear
						"6": [0, 0, 0],
						"6.2": [0, 0, 240],
						//5th gear
						"8.5": [0, 0, 0],
						"8.7": [0, 0, 240],
						//6th gear
						"11.5": [0, 0, 0],
						"11.7": [0, 0, 240],

						"15": [0, 0, 0]
					}
				}
			}
		},
		"animation.mclarenf1.meter_player": {
			"loop": true,
			"bones": {
				"speedmeter": {
					"position": [0, 0, 1]
					},
				"rpm_meter": {
					"position": [0, 0, 1]
					}
				}
			},
		"animation.mclarenf1.meter_player2": {
			"loop": true,
			"bones": {
				"speedmeter2": {
					"position": [0, 0, -1]
					},
				"rpm_meter2": {
					"position": [0, 0, -1]
					}	
				}
			},
		"animation.mclarenf1.hood": {
			"loop": false,
			"bones": {
				"trunk": {
					"rotation": {
						"0.0": [-60, 0, 0],
						"0.56": [0, 0, 0]
					}
				},
				"trunk2": {
					"rotation": {
						"0.0": [-60, 0, 0],
						"0.56": [0, 0, 0]
					}
				}
			}
		},
		"animation.mclarenf1.hood2": {
			"loop": false,
			"bones": {
				"trunk": {
					"rotation": {
						"0.0": [60, 0, 0],
						"0.56": [0, 0, 0]
					}
				},
				"trunk2": {
					"rotation": {
						"0.0": [60, 0, 0],
						"0.56": [0, 0, 0]
					}
				}
			},
			"sound_effects": {
               "0.0": { "effect": "close" }
            }
		}
	}
}