{
	"format_version": "1.8.0",
	"animations": {
		"animation.mclarenf1.door": {
			"loop": true,
			"bones": {
				"leftdoor": {
					"rotation": [-47.5, -25, 0]
				},
				"rightdoor": {
					"rotation": [-47.5, 25, 0]
				}
			}
		},
		"animation.mclarenf1.open": {
			"bones": {
				"leftdoor": {
					"rotation": {
						"0.0": [-47.5, -25, 0],
						"0.56": [0, 0, 0]
					}
				},
				"rightdoor": {
					"rotation": {
						"0.0": [-47.5, 25, 0],
						"0.56": [0, 0, 0]
					}
				}
			},
			"sound_effects": {
				"0.0": {
					"effect": "open"
				}
			}
		},
		"animation.mclarenf1.close": {
			"bones": {
				"leftdoor": {
					"rotation": {
						"0.0": [47.5, 25, 0],
						"0.56": [0, 0, 0]
					}
				},
				"rightdoor": {
					"rotation": {
						"0.0": [47.5, -25, 0],
						"0.56": [0, 0, 0]
					}
				}
			},
			"sound_effects": {
				"0.0": {
					"effect": "close"
				}
			}
		}
	}
}