{
	"format_version": "1.8.0",
	"minecraft:client_entity": {
		"description": {
			"identifier": "hachirokucoupe:panda_white2_open",
			"materials": {
				"default": "enderman"
			},
			"textures": {
				"default": "textures/entity/ae86_coupe/panda_white"
			},
			"geometry": {
				"default": "geometry.ae86trueno_coupe_m2_open"
			},
			"render_controllers": [
				"controller.render.ae86_ashminggu"
			],
			"animations": {
				"drive": "animation.ae86_ashminggu.drive",
				"turning": "animation.ae86_ashminggu.turning",
				"door": "animation.ae86_ashminggu.door",
				"open": "animation.ae86_ashminggu.open",
				"meter_player": "animation.ae86_ashminggu.meter_player",
				"meter_player2": "animation.ae86_ashminggu.meter_player2"
			},
			"spawn_egg": {
				"texture": "ae86_ashminggu",
				"texture_index": 0
			},
			"animation_controllers": [
				{
					"general": "controller.animation.ae86_ashminggu.general2"
				}
			]
		}
	}
}