{
	"format_version": "1.8.0",
	"minecraft:client_entity": {
		"description": {
			"identifier": "hachirokucoupe:panda_white1_open",
			"materials": {
				"default": "enderman"
			},
			"textures": {
				"default": "textures/entity/ae86_coupe/panda_white"
			},
			"geometry": {
				"default": "geometry.ae86trueno_coupe_m1_open"
			},
			"render_controllers": [
				"controller.render.ae86_ashminggu"
			],
			"animations": {
				"drive": "animation.ae86_ashminggu.drive",
				"turning": "animation.ae86_ashminggu.turning",
				"popups": "animation.ae86_ashminggu.popups"
			},
			"spawn_egg": {
				"texture": "ae86_ashminggu",
				"texture_index": 0
			},
			"animation_controllers": [
				{
					"general": "controller.animation.ae86_ashminggu.general3"
				}
			]
		}
	}
}