{
	"format_version": "1.8.0",
	"animations": {
		"animation.suzuki_cappuccino.turning": {
			"loop": true,
			"bones": {
				"fronttire1": {
					"rotation": [0, "Math.max(-26, Math.min(26,query.yaw_speed * 0.5))", 0]
				},
				"fronttire2": {
					"rotation": [0, "Math.max(-26, Math.min(26,query.yaw_speed * 0.5))", 0]
				},
				"fbl": {
					"rotation": [0, "Math.max(-26, Math.min(26,query.yaw_speed * 0.5))", 0]
				},
				"fbr": {
					"rotation": [0, "Math.max(-26, Math.min(26,query.yaw_speed * 0.5))", 0]
				},
				"steeringwheel": {
					"rotation": [0, 0, "Math.max(-30, Math.min(30,query.yaw_speed * 0.5))*-1"]
				}
			}
		},
		"animation.suzuki_cappuccino.drive": {
			"loop": true,
			"animation_length": 0.1667,
			"bones": {
				"fronttire1": {
					"rotation": {
						"0.0": [0, 0, 0],
						"0.1667": [180, 0, 0]
					}
				},
				"fronttire2": {
					"rotation": {
						"0.0": [0, 0, 0],
						"0.1667": [180, 0, 0]
					}
				},
				"backtires": {
					"rotation": {
						"0.0": [0, 0, 0],
						"0.1667": [180, 0, 0]
					}
				},
				"pecutan": {
					"position": [0, -1, 0]
				}
			}
		},
		"animation.suzuki_cappuccino.door": {
			"loop": true,
			"bones": {
				"leftdoor": {
					"rotation": [0, -45, 0]
				},
				"rightdoor": {
					"rotation": [0, 45, 0]
				}
			}
		},
		"animation.suzuki_cappuccino.meter1": {
			"loop": false,
			"bones": {
				"speedmeter": {
					"rotation": {
						"0.0": [0, 0, 262.5],
						"13.5": [0, 0, 0]
					}
				},
				"rpm_meter": {
					"rotation": {
						//first gear
						"0.0": [0, 0, 192.5],
						//second gear
						"2": [0, 0, 0],
						"2.2": [0, 0, 192.5],
						//third gear
						"4.5": [0, 0, 0],
						"4.7": [0, 0, 192.5],
						//4th gear
						"7.5": [0, 0, 0],
						"7.7": [0, 0, 192.5],
						//5th gear
						"11": [0, 0, 0],
						"11.2": [0, 0, 192.5],

						"15": [0, 0, 0]
					}
				}
			}
		},
		"animation.suzuki_cappuccino.meter_player": {
			"loop": true,
			"bones": {
				"speedmeter": {
					"position": [0, 0, 1]
				},
				"rpm_meter": {
					"position": [0, 0, 1]
				}
			}
		},
		"animation.suzuki_cappuccino.meter_player2": {
			"loop": true,
			"bones": {
				"speedmeter2": {
					"position": [0, 0, -1]
				},
				"rpm_meter2": {
					"position": [0, 0, -1]
				}
			}
		},
		"animation.suzuki_cappuccino.open": {
			"bones": {
				"leftdoor": {
					"rotation": {
						"0.0": [0, -45, 0],
						"0.56": [0, 0, 0]
					}
				},
				"rightdoor": {
					"rotation": {
						"0.0": [0, 45, 0],
						"0.56": [0, 0, 0]
					}
				}
			},
			"sound_effects": {
				"0.0": {
					"effect": "open"
				}
			}
		},
		"animation.suzuki_cappuccino.close": {
			"bones": {
				"leftdoor": {
					"rotation": {
						"0.0": [0, 45, 0],
						"0.56": [0, 0, 0]
					}
				},
				"rightdoor": {
					"rotation": {
						"0.0": [0, -45, 0],
						"0.56": [0, 0, 0]
					}
				}
			},
			"sound_effects": {
				"0.0": {
					"effect": "close"
				}
			}
		},
		"animation.suzuki_cappuccino.wipers": {
			"loop": true,
			"animation_length": 0.6,
			"bones": {
				"wiper1": {
					"rotation": {
						"0.0": [0, 0, 0],
						"0.3": [-15.4555, -37.1528, -43.9749],
						"0.6": [0, 0, 0]
					}
				},
				"wiper2": {
					"rotation": {
						"0.0": [0, 0, 0],
						"0.3": [-15.4555, -37.1528, -43.9749],
						"0.6": [0, 0, 0]
					}
				}
			}
		}
	}
}