{
	"vehicle.mclarenf1.drive": {
		"category": "neutral",
		"sounds": [
		  "sounds/mclarenf1/drive"
		]
	},
	"vehicle.mclarenf1.startup": {
		"category": "neutral",
		"sounds": [
		  "sounds/mclarenf1/startup"
		]
	},
	"vehicle.mclarenf1.doorclose": {
		"category": "neutral",
		"sounds": [
		  "sounds/mclarenf1/doorclose"
		]
	},
	"vehicle.mclarenf1.dooropen": {
		"category": "neutral",
		"sounds": [
		  "sounds/mclarenf1/dooropen"
		]
	},
	"vehicle.mclarenf1.hood": {
		"category": "neutral",
		"sounds": [
		  "sounds/mclarenf1/hood"
		]
	},
	"vehicle.mclarenf1.hit" : {
         "__use_legacy_max_distance" : "true",
         "category" : "neutral",
         "sounds" : [
            "sounds/mclarenf1/hit1",
            "sounds/mclarenf1/hit2",
            "sounds/mclarenf1/hit3"
        ]
    }
}