{
	"format_version": "1.8.0",
	"minecraft:client_entity": {
		"description": {
			"identifier": "ae86levin:wataru2",
			"materials": {
				"default": "enderman",
				"glass": "entity_alphablend"
			},
			"textures": {
				"default": "textures/entity/ae86_levin/wataru"
			},
			"geometry": {
				"default": "geometry.ae86_levin_m2"
			},
			"render_controllers": [
				"controller.render.ae86_levin"
			],
			"animations": {
				"drive": "animation.ae86_levin.drive",
				"turning": "animation.ae86_levin.turning",
				"door": "animation.ae86_levin.door",
				"open": "animation.ae86_levin.open",
				"meter_player": "animation.ae86_levin.meter_player",
				"meter_player2": "animation.ae86_levin.meter_player2",
				"wipers": "animation.ae86_levin.wipers"
			},
			"sound_effects": {
        		"open": "vehicle.ae86_levin.dooropen"
      		},
			"spawn_egg": {
				"texture": "ae86_ashminggu",
				"texture_index": 0
			},
			"animation_controllers": [
				{
					"general": "controller.animation.ae86_levin.general2"
				}
			]
		}
	}
}