{
	"vehicle.ae86_ashminggu.drive": {
		"category": "neutral",
		"sounds": [
		  "sounds/hachiroku/drive"
		]
	},
	"vehicle.ae86_ashminggu.startup": {
		"category": "neutral",
		"sounds": [
		  "sounds/hachiroku/startup"
		]
	},
	"vehicle.ae86_ashminggu.doorclose": {
		"category": "neutral",
		"sounds": [
		  "sounds/hachiroku/doorclose"
		]
	},
	"vehicle.ae86_ashminggu.dooropen": {
		"category": "neutral",
		"sounds": [
		  "sounds/hachiroku/dooropen"
		]
	},
	"vehicle.ae86_ashminggu.hood": {
		"category": "neutral",
		"sounds": [
		  "sounds/hachiroku/hood"
		]
	},
	"vehicle.ae86_ashminggu.popups_on": {
		"category": "neutral",
		"sounds": [
			//to be changed hood==>popups_on
		  "sounds/hachiroku/popups_on"
		]
	}
}