{
	"format_version": "1.8.0",
	"minecraft:client_entity": {
		"description": {
			"identifier": "bnr34:gt4_pc2_open",
			"materials": {
				"default": "enderman"
			},
			"textures": {
				"default": "textures/entity/bnr34/gt4_pc"
			},
			"geometry": {
				"default": "geometry.bnr34_m2_open"
			},
			"render_controllers": [
				"controller.render.bnr34"
			],
			"animations": {
				"drive": "animation.bnr34.drive",
				"turning": "animation.bnr34.turning",
				"door": "animation.bnr34.door",
				"open": "animation.bnr34.open",
				"meter_player": "animation.bnr34.meter_player",
				"meter_player2": "animation.bnr34.meter_player2",
				"wipers": "animation.bnr34.wipers"
			},
			"sound_effects": {
        		"open": "vehicle.bnr34.dooropen"
      		},
			"spawn_egg": {
				"texture": "bnr34",
				"texture_index": 0
			},
			"animation_controllers": [
				{
					"general": "controller.animation.bnr34.general2"
				}
			]
		}
	}
}