{
	"format_version": "1.8.0",
	"animations": {
		"animation.gryaris.turning": {
			"loop": true,
			"bones": {
				"fronttire1": {
					"rotation": [0, "Math.max(-26, Math.min(26,query.yaw_speed * 0.5))", 0]
				},
				"fronttire2": {
					"rotation": [0, "Math.max(-26, Math.min(26,query.yaw_speed * 0.5))", 0]
				},
				"fbl": {
					"rotation": [0, "Math.max(-26, Math.min(26,query.yaw_speed * 0.5))", 0]
				},
				"fbr": {
					"rotation": [0, "Math.max(-26, Math.min(26,query.yaw_speed * 0.5))", 0]
				},
				"steeringwheel": {
					"rotation": [0, 0, "Math.max(-30, Math.min(30,query.yaw_speed * 0.5))*-1"]
				}
			}
		},
		"animation.gryaris.drive": {
			"loop": true,
			"animation_length": 0.1667,
			"bones": {
				"fronttire1": {
					"rotation": {
						"0.0": [0, 0, 0],
						"0.1667": [180, 0, 0]
					}
				},
				"fronttire2": {
					"rotation": {
						"0.0": [0, 0, 0],
						"0.1667": [180, 0, 0]
					}
				},
				"backtires": {
					"rotation": {
						"0.0": [0, 0, 0],
						"0.1667": [180, 0, 0]
					}
				},
				"pecutan": {
					"position": [0, -1, 0]
				}
			}
		},
		"animation.gryaris.door": {
			"loop": true,
			"bones": {
				"leftdoor": {
					"rotation": [0, -45, 0]
					},
				"rightdoor": {
					"rotation": [0, 45, 0]
					}	
				}
			},
		"animation.gryaris.meter1": {
			"loop": false,
			"bones": {
				"speedmeter": {
					"rotation": {
						"0.0": [0, 0, 222.5],
						"13": [0, 0, 0]
					}
				},
				"rpm_meter": {
					"rotation": {
						//first gear
						"0.0": [0, 0, 192.5],
						//second gear
						"2": [0, 0, 0],
						"2.2": [0, 0, 192.5],
						//third gear
						"4": [0, 0, 0],
						"4.2": [0, 0, 192.5],
						//4th gear
						"6": [0, 0, 0],
						"6.2": [0, 0, 192.5],
						//5th gear
						"8": [0, 0, 0],
						"8.2": [0, 0, 192.5],
						//6th gear
						"10": [0, 0, 0],
						"10.2": [0, 0, 192.5],

						"13": [0, 0, 0]
					}
				}
			}
		},
		"animation.gryaris.meter_player": {
			"loop": true,
			"bones": {
				"speedmeter": {
					"position": [0, 0, 1]
					},
				"rpm_meter": {
					"position": [0, 0, 1]
					}
				}
			},
		"animation.gryaris.meter_player2": {
			"loop": true,
			"bones": {
				"speedmeter2": {
					"position": [0, 0, -1]
					},
				"rpm_meter2": {
					"position": [0, 0, -1]
					}	
				}
			},
		"animation.gryaris.open": {
			"loop": false,
			"bones": {
				"leftdoor": {
					"rotation": {
						"0.0": [0, -45, 0],
						"0.56": [0, 0, 0]
					}
				},
				"rightdoor": {
					"rotation": {
						"0.0": [0, 45, 0],
						"0.56": [0, 0, 0]
					}
				}
			},
			"sound_effects": {
               "0.0": { "effect": "open" }
            }
		},
		"animation.gryaris.hood": {
			"loop": false,
			"bones": {
				"hood": {
					"rotation": {
						"0.0": [60, 0, 0],
						"0.56": [0, 0, 0]
					}
				},
				"hood_strut2": {
					"rotation": {
						"0.0": [-20, 90, 0],
						"0.56": [0, 0, 0]
					}
				}
			}
		},
		"animation.gryaris.hood2": {
			"loop": false,
			"bones": {
				"hood": {
					"rotation": {
						"0.0": [-60, 0, 0],
						"0.56": [0, 0, 0]
					}
				},
				"hood_strut2": {
					"rotation": {
						"0.0": [0, 90, 0],
						"0.01": [20, 0, 0],
						"0.56": [0, 0, 0]
					}
				}
			},
			"sound_effects": {
               "0.0": { "effect": "close" }
            }
		},
		"animation.gryaris.close": {
			"loop": false,
			"bones": {
				"leftdoor": {
					"rotation": {
						"0.0": [0, 45, 0],
						"0.56": [0, 0, 0]
					}
				},
				"rightdoor": {
					"rotation": {
						"0.0": [0, -45, 0],
						"0.56": [0, 0, 0]
					}
				}
			},
			"sound_effects": {
               "0.0": { "effect": "close" }
            }
		},
		"animation.gryaris.wipers": {
			"loop": true,
			"animation_length": 0.6,
			"bones": {
				"wiper": {
					"rotation": {
						"0.0": [0, 0, 0],
						"0.3": [-9.8436, -31.4218, -34.0426],
						"0.6": [0, 0, 0]
					}
				},
				"wiper2": {
					"rotation": {
						"0.0": [0, 0, 0],
						"0.3": [-9.8436, -31.4218, -34.0426],
						"0.6": [0, 0, 0]
					}
				}
			}
		}
	}
}