{
	"format_version": "1.8.0",
	"render_controllers": {
		"controller.render.mclarenf1_gtr": {
			"geometry": "Geometry.default",
			"materials": [
				{ "*": "Material.default" },
				{ "*glass": "Material.glass" },
				{ "*glass2": "Material.glass" },
				{ "*glass3": "Material.glass" },
				{ "*glass4": "Material.glass" },
				{ "*glass5": "Material.glass" },
				{ "*glass6": "Material.glass" },
				{ "*glass7": "Material.glass" },
				{ "*glass8": "Material.glass" }
			],
			"textures": [
				"Texture.default"
			],
			"is_hurt_color": {},
            "on_fire_color": {}
		}
	}
}