{
	"format_version": "1.8.0",
	"minecraft:client_entity": {
		"description": {
			"identifier": "mclarenf1:gtr_no511_open",
			"materials": {
				"default": "enderman",
				"glass": "entity_alphablend"
			},
			"textures": {
				"default": "textures/entity/mclarenf1/gtr_no51"
			},
			"geometry": {
				"default": "geometry.mclarenf1_m1_open"
			},
			"render_controllers": [
				"controller.render.mclarenf1_gtr"
			],
			"animations": {
				"drive": "animation.mclarenf1.drive",
				"turning": "animation.mclarenf1.turning",
				"hood": "animation.mclarenf1.hood"
			},
			"spawn_egg": {
				"texture": "mclarenf1",
				"texture_index": 0
			},
			"animation_controllers": [
				{
					"general": "controller.animation.mclarenf1.general3"
				}
			]
		}
	}
}