{
	"format_version": "1.8.0",
	"minecraft:client_entity": {
		"description": {
			"identifier": "sileighty:kotex1_open",
			"materials": {
				"default": "enderman",
				"glass": "entity_alphablend"
			},
			"textures": {
				"default": "textures/entity/nissan_sileighty/kotex"
			},
			"geometry": {
				"default": "geometry.nissan_sileighty_m1_open"
			},
			"render_controllers": [
				"controller.render.nissan_sileighty"
			],
			"animations": {
				"drive": "animation.nissan_sileighty.drive",
				"turning": "animation.nissan_sileighty.turning",
				"hood": "animation.nissan_sileighty.hood"
			},
			"spawn_egg": {
				"texture": "nissan_sileighty",
				"texture_index": 0
			},
			"animation_controllers": [
				{
					"general": "controller.animation.nissan_sileighty.general3"
				}
			]
		}
	}
}