{
	"format_version": "1.8.0",
	"minecraft:client_entity": {
		"description": {
			"identifier": "mclarenf1:silver2_open",
			"materials": {
				"default": "enderman",
				"glass": "entity_alphablend"
			},
			"textures": {
				"default": "textures/entity/mclarenf1/silver"
			},
			"geometry": {
				"default": "geometry.mclarenf1_m2_open"
			},
			"render_controllers": [
				"controller.render.mclarenf1"
			],
			"animations": {
				"drive": "animation.mclarenf1.drive",
				"turning": "animation.mclarenf1.turning",
				"door": "animation.mclarenf1.door",
				"open": "animation.mclarenf1.open",
				"meter_player": "animation.mclarenf1.meter_player",
				"meter_player2": "animation.mclarenf1.meter_player2"
			},
			"sound_effects": {
        		"open": "vehicle.mclarenf1.dooropen"
      		},
			"spawn_egg": {
				"texture": "mclarenf1",
				"texture_index": 0
			},
			"animation_controllers": [
				{
					"general": "controller.animation.mclarenf1.general2"
				}
			]
		}
	}
}