{
	"format_version": "1.8.0",
	"minecraft:client_entity": {
		"description": {
			"identifier": "ae86levin:itsuki1_open",
			"materials": {
				"default": "enderman",
				"glass": "entity_alphablend"
			},
			"textures": {
				"default": "textures/entity/ae86_levin/itsuki"
			},
			"geometry": {
				"default": "geometry.ae86_levin_m1_open"
			},
			"render_controllers": [
				"controller.render.ae86_levin"
			],
			"animations": {
				"drive": "animation.ae86_levin.drive",
				"turning": "animation.ae86_levin.turning",
				"hood": "animation.ae86_levin.hood"
			},
			"spawn_egg": {
				"texture": "ae86_ashminggu",
				"texture_index": 0
			},
			"animation_controllers": [
				{
					"general": "controller.animation.ae86_levin.general3"
				}
			]
		}
	}
}