{
	"vehicle.gt40mkii.drive": {
		"category": "neutral",
		"sounds": [
		  "sounds/gt40mkii/drive"
		]
	},
	"vehicle.gt40mkii.startup": {
		"category": "neutral",
		"sounds": [
		  "sounds/gt40mkii/startup"
		]
	},
	"vehicle.gt40mkii.doorclose": {
		"category": "neutral",
		"sounds": [
		  "sounds/gt40mkii/doorclose"
		]
	},
	"vehicle.gt40mkii.dooropen": {
		"category": "neutral",
		"sounds": [
		  "sounds/gt40mkii/dooropen"
		]
	},
	"vehicle.gt40mkii.hood": {
		"category": "neutral",
		"sounds": [
		  "sounds/gt40mkii/hood"
		]
	},
	"vehicle.gt40mkii.hit" : {
         "__use_legacy_max_distance" : "true",
         "category" : "neutral",
         "sounds" : [
            "sounds/gt40mkii/hit1",
            "sounds/gt40mkii/hit2",
            "sounds/gt40mkii/hit3"
        ]
    }
}