{
	"format_version": "1.8.0",
	"minecraft:client_entity": {
		"description": {
			"identifier": "22bsti:red1_open",
			"materials": {
				"default": "enderman"
			},
			"textures": {
				"default": "textures/entity/22bsti/red"
			},
			"geometry": {
				"default": "geometry.22bsti_m1_open"
			},
			"render_controllers": [
				"controller.render.22bsti"
			],
			"animations": {
				"drive": "animation.22bsti.drive",
				"turning": "animation.22bsti.turning",
				"hood": "animation.22bsti.hood"
			},
			"spawn_egg": {
				"texture": "22bsti",
				"texture_index": 0
			},
			"animation_controllers": [
				{
					"general": "controller.animation.22bsti.general3"
				}
			]
		}
	}
}