{
	"format_version": "1.8.0",
	"animations": {
		"animation.gt40mkii.turning": {
			"loop": true,
			"bones": {
				"fronttire1": {
					"rotation": [0, "Math.max(-26, Math.min(26,query.yaw_speed * 0.5))", 0]
				},
				"fronttire2": {
					"rotation": [0, "Math.max(-26, Math.min(26,query.yaw_speed * 0.5))", 0]
				},
				"fbl": {
					"rotation": [0, "Math.max(-26, Math.min(26,query.yaw_speed * 0.5))", 0]
				},
				"fbr": {
					"rotation": [0, "Math.max(-26, Math.min(26,query.yaw_speed * 0.5))", 0]
				},
				"steeringwheel": {
					"rotation": [0, 0, "Math.max(-30, Math.min(30,query.yaw_speed * 0.5))*-1"]
				}
			}
		},
		"animation.gt40mkii.drive": {
			"loop": true,
			"animation_length": 0.1667,
			"bones": {
				"fronttire1": {
					"rotation": {
						"0.0": [0, 0, 0],
						"0.1667": [180, 0, 0]
					}
				},
				"fronttire2": {
					"rotation": {
						"0.0": [0, 0, 0],
						"0.1667": [180, 0, 0]
					}
				},
				"backtires": {
					"rotation": {
						"0.0": [0, 0, 0],
						"0.1667": [180, 0, 0]
					}
				},
				"pecutan": {
					"position": [0, -1, 0]
				}
			}
		},
		"animation.gt40mkii.door": {
			"loop": true,
			"bones": {
				"leftdoor": {
					"rotation": [0, -50, 0]
					},
				"rightdoor": {
					"rotation": [0, 50, 0]
					}	
				}
			},
		"animation.gt40mkii.meter1": {
			"loop": false,
			"bones": {
				"speedmeter": {
					"rotation": {
						"0.0": [0, 0, 222.5],
						"10": [0, 0, 0]
					}
				},
				"rpm_meter": {
					"rotation": {
						//first gear
						"0.0": [0, 0, 200],
						//second gear
						"2": [0, 0, 0],
						"2.2": [0, 0, 200],
						//third gear
						"4.5": [0, 0, 0],
						"4.7": [0, 0, 200],
						//4th gear
						"7": [0, 0, 0],
						"7.2": [0, 0, 200],

						"11": [0, 0, 0]
					}
				}
			}
		},
		"animation.gt40mkii.meter_player": {
			"loop": true,
			"bones": {
				"speedmeter": {
					"position": [0, 0, 1]
					},
				"rpm_meter": {
					"position": [0, 0, 1]
					}
				}
			},
		"animation.gt40mkii.meter_player2": {
			"loop": true,
			"bones": {
				"speedmeter2": {
					"position": [0, 0, -1]
					},
				"rpm_meter2": {
					"position": [0, 0, -1]
					}	
				}
			},
		"animation.gt40mkii.open": {
			"loop": false,
			"bones": {
				"leftdoor": {
					"rotation": {
						"0.0": [0, -50, 0],
						"0.56": [0, 0, 0]
					}
				},
				"rightdoor": {
					"rotation": {
						"0.0": [0, 50, 0],
						"0.56": [0, 0, 0]
					}
				}
			},
			"sound_effects": {
               "0.0": { "effect": "open" }
            }
		},
		"animation.gt40mkii.hood": {
			"loop": false,
			"bones": {
				"trunk": {
					"rotation": {
						"0.0": [65, 0, 0],
						"0.56": [0, 0, 0]
					}
				}
			}
		},
		"animation.gt40mkii.hood2": {
			"loop": false,
			"bones": {
				"trunk": {
					"rotation": {
						"0.0": [-65, 0, 0],
						"0.56": [0, 0, 0]
					}
				}
			},
			"sound_effects": {
               "0.0": { "effect": "close" }
            }
		},
		"animation.gt40mkii.close": {
			"loop": false,
			"bones": {
				"leftdoor": {
					"rotation": {
						"0.0": [0, 50, 0],
						"0.56": [0, 0, 0]
					}
				},
				"rightdoor": {
					"rotation": {
						"0.0": [0, -50, 0],
						"0.56": [0, 0, 0]
					}
				}
			},
			"sound_effects": {
               "0.0": { "effect": "close" }
            }
		},
		"animation.gt40mkii.wipers": {
			"loop": true,
			"animation_length": 0.8,
			"bones": {
				"wiperold": {
					"rotation": {
						"0.0": [0, 0, 0],
						"0.4": [89.295, -25.0169, -154.6834],
						"0.8": [0, 0, 0]
					}
				}
			}
		}
	}
}