{
	"format_version": "1.8.0",
	"minecraft:client_entity": {
		"description": {
			"identifier": "77pfb:black2",
			"materials": {
				"default": "enderman"
			},
			"textures": {
				"default": "textures/entity/77pfb/black"
			},
			"geometry": {
				"default": "geometry.77firebird_m2"
			},
			"render_controllers": [
				"controller.render.77pfb"
			],
			"animations": {
				"drive": "animation.77pfb.drive",
				"turning": "animation.77pfb.turning",
				"door": "animation.77pfb.door",
				"open": "animation.77pfb.open",
				"meter_player": "animation.77pfb.meter_player",
				"meter_player2": "animation.77pfb.meter_player2",
				"wipers": "animation.77pfb.wipers"
			},
			"sound_effects": {
        		"open": "vehicle.77pfb.dooropen"
      		},
			"spawn_egg": {
				"texture": "77pfb",
				"texture_index": 0
			},
			"animation_controllers": [
				{
					"general": "controller.animation.77pfb.general2"
				}
			]
		}
	}
}