{
	"format_version": "1.8.0",
	"minecraft:client_entity": {
		"description": {
			"identifier": "scappuccino:silver11",
			"materials": {
				"default": "enderman",
				"glass": "entity_alphablend"
			},
			"textures": {
				"default": "textures/entity/suzuki_cappuccino/silver1"
			},
			"geometry": {
				"default": "geometry.suzuki_cappuccino_m1"
			},
			"render_controllers": [
				"controller.render.suzuki_cappuccino"
			],
			"animations": {
				"drive": "animation.suzuki_cappuccino.drive",
				"turning": "animation.suzuki_cappuccino.turning",
				"close": "animation.suzuki_cappuccino.close"
			},
			"sound_effects": {
        		"close": "vehicle.scappuccino.doorclose"
      		},
			"spawn_egg": {
				"texture": "suzuki_cappuccino",
				"texture_index": 0
			},
			"animation_controllers": [
				{
					"general": "controller.animation.suzuki_cappuccino.general1"
				}
			]
		}
	}
}