{
	"format_version": "1.8.0",
	"animations": {
		"animation.bnr34.turning": {
			"loop": true,
			"bones": {
				"fronttire1": {
					"rotation": [0, "Math.max(-26, Math.min(26,query.yaw_speed * 0.5))", 0]
				},
				"fronttire2": {
					"rotation": [0, "Math.max(-26, Math.min(26,query.yaw_speed * 0.5))", 0]
				},
				"fbl": {
					"rotation": [0, "Math.max(-26, Math.min(26,query.yaw_speed * 0.5))", 0]
				},
				"fbr": {
					"rotation": [0, "Math.max(-26, Math.min(26,query.yaw_speed * 0.5))", 0]
				},
				"steeringwheel": {
					"rotation": [0, 0, "Math.max(-30, Math.min(30,query.yaw_speed * 0.5))*-1"]
				}
			}
		},
		"animation.bnr34.drive": {
			"loop": true,
			"animation_length": 0.1667,
			"bones": {
				"fronttire1": {
					"rotation": {
						"0.0": [0, 0, 0],
						"0.1667": [180, 0, 0]
					}
				},
				"fronttire2": {
					"rotation": {
						"0.0": [0, 0, 0],
						"0.1667": [180, 0, 0]
					}
				},
				"backtires": {
					"rotation": {
						"0.0": [0, 0, 0],
						"0.1667": [180, 0, 0]
					}
				},
				"pecutan": {
					"position": [0, -1, 0]
				}
			}
		},
		"animation.bnr34.door": {
			"loop": true,
			"bones": {
				"leftdoor": {
					"rotation": [0, -45, 0]
					},
				"rightdoor": {
					"rotation": [0, 45, 0]
					}	
				}
			},
		"animation.bnr34.meter1": {
			"loop": false,
			"bones": {
				"speedmeter": {
					"rotation": {
						"0.0": [0, 0, 215],
						"14": [0, 0, 0]
					}
				},
				"rpm_meter": {
					"rotation": {
						//first gear
						"0.0": [0, 0, 150],
						//second gear
						"2": [0, 0, 0],
						"2.2": [0, 0, 150],
						//third gear
						"4": [0, 0, 0],
						"4.2": [0, 0, 150],
						//4th gear
						"6.5": [0, 0, 0],
						"6.7": [0, 0, 150],
						//5th gear
						"9.5": [0, 0, 0],
						"9.7": [0, 0, 150],
						//6th gear
						"13.5": [0, 0, 0]
					}
				}
			}
		},
		"animation.bnr34.meter_player": {
			"loop": true,
			"bones": {
				"speedmeter": {
					"position": [0, 0, 1]
					},
				"rpm_meter": {
					"position": [0, 0, 1]
					}
				}
			},
		"animation.bnr34.meter_player2": {
			"loop": true,
			"bones": {
				"speedmeter2": {
					"position": [0, 0, -1]
					},
				"rpm_meter2": {
					"position": [0, 0, -1]
					}	
				}
			},
		"animation.bnr34.open": {
			"loop": false,
			"bones": {
				"leftdoor": {
					"rotation": {
						"0.0": [0, -45, 0],
						"0.56": [0, 0, 0]
					}
				},
				"rightdoor": {
					"rotation": {
						"0.0": [0, 45, 0],
						"0.56": [0, 0, 0]
					}
				}
			},
			"sound_effects": {
               "0.0": { "effect": "open" }
            }
		},
		"animation.bnr34.hood": {
			"loop": false,
			"bones": {
				"hood": {
					"rotation": {
						"0.0": [60, 0, 0],
						"0.56": [0, 0, 0]
					}
				}
			}
		},
		"animation.bnr34.hood2": {
			"loop": false,
			"bones": {
				"hood": {
					"rotation": {
						"0.0": [-60, 0, 0],
						"0.56": [0, 0, 0]
					}
				}
			},
			"sound_effects": {
               "0.0": { "effect": "close" }
            }
		},
		"animation.bnr34.close": {
			"loop": false,
			"bones": {
				"leftdoor": {
					"rotation": {
						"0.0": [0, 45, 0],
						"0.56": [0, 0, 0]
					}
				},
				"rightdoor": {
					"rotation": {
						"0.0": [0, -45, 0],
						"0.56": [0, 0, 0]
					}
				}
			},
			"sound_effects": {
               "0.0": { "effect": "close" }
            }
		},
		"animation.bnr34.wipers": {
			"loop": true,
			"animation_length": 0.6,
			"bones": {
				"wiper1": {
					"rotation": {
						"0.0": [0, 0, 0],
						"0.3": [0, 0, -55],
						"0.6": [0, 0, 0]
					}
				},
				"wiper2": {
					"rotation": {
						"0.0": [0, 0, 0],
						"0.3": [0, 0, -55],
						"0.6": [0, 0, 0]
					}
				}
			}
		}
	}
}