{
	"format_version": "1.8.0",
	"minecraft:client_entity": {
		"description": {
			"identifier": "sileighty:red2_open",
			"materials": {
				"default": "enderman",
				"glass": "entity_alphablend"
			},
			"textures": {
				"default": "textures/entity/nissan_sileighty/red"
			},
			"geometry": {
				"default": "geometry.nissan_sileighty_m2_open"
			},
			"render_controllers": [
				"controller.render.nissan_sileighty"
			],
			"animations": {
				"drive": "animation.nissan_sileighty.drive",
				"turning": "animation.nissan_sileighty.turning",
				"door": "animation.nissan_sileighty.door",
				"open": "animation.nissan_sileighty.open",
				"meter_player": "animation.nissan_sileighty.meter_player",
				"meter_player2": "animation.nissan_sileighty.meter_player2",
				"wipers": "animation.nissan_sileighty.wipers"
			},
			"sound_effects": {
        		"open": "vehicle.nissan_sileighty.dooropen"
      		},
			"spawn_egg": {
				"texture": "nissan_sileighty",
				"texture_index": 0
			},
			"animation_controllers": [
				{
					"general": "controller.animation.nissan_sileighty.general2"
				}
			]
		}
	}
}