{
	"format_version": "1.8.0",
	"minecraft:client_entity": {
		"description": {
			"identifier": "sileighty:red1_open_between",
			"materials": {
				"default": "enderman",
				"glass": "entity_alphablend"
			},
			"textures": {
				"default": "textures/entity/nissan_sileighty/red"
			},
			"geometry": {
				"default": "geometry.nissan_sileighty_m1_open"
			},
			"render_controllers": [
				"controller.render.nissan_sileighty"
			],
			"animations": {
				"drive": "animation.nissan_sileighty.drive",
				"turning": "animation.nissan_sileighty.turning",
				"close": "animation.nissan_sileighty.close"
			},
			"sound_effects": {
        		"close": "vehicle.nissan_sileighty.doorclose"
      		},
			"spawn_egg": {
				"texture": "nissan_sileighty",
				"texture_index": 0
			},
			"animation_controllers": [
				{
					"general": "controller.animation.nissan_sileighty.general1"
				}
			]
		}
	}
}