{
	"vehicle.ae86_levin.drive": {
		"category": "neutral",
		"sounds": [
		  "sounds/ae86_levin/drive"
		]
	},
	"vehicle.ae86_levin.startup": {
		"category": "neutral",
		"sounds": [
		  "sounds/ae86_levin/startup"
		]
	},
	"vehicle.ae86_levin.doorclose": {
		"category": "neutral",
		"sounds": [
		  "sounds/ae86_levin/doorclose"
		]
	},
	"vehicle.ae86_levin.dooropen": {
		"category": "neutral",
		"sounds": [
		  "sounds/ae86_levin/dooropen"
		]
	},
	"vehicle.ae86_levin.hood": {
		"category": "neutral",
		"sounds": [
		  "sounds/ae86_levin/hood"
		]
	},
	"vehicle.ae86_levin.hit" : {
         "__use_legacy_max_distance" : "true",
         "category" : "neutral",
         "sounds" : [
            "sounds/ae86_levin/hit1",
            "sounds/ae86_levin/hit2",
            "sounds/ae86_levin/hit3"
        ]
    }
}