{
	"format_version": "1.16.0",
	"minecraft:entity": {
		"description": {
			"identifier": "hachirokucoupe:silver3",
			"is_spawnable": false,
			"is_summonable": false,
			"is_experimental": false,
			"scripts": {
				"animate": [
					"explode"
			]
		},
		"animations": {
			"explode": "controller.animation.ae86_explode"
			}
		},
		"component_groups": {
    		"hood_close": {
    			"minecraft:transformation": {
          		"into": "hachirokucoupe:silver3_between",
          		"delay": 0.1
       			 }
    		}
		},
		"components": {
			"minecraft:type_family": {
				"family": [
					"cars"
				]
			},
			"minecraft:knockback_resistance": {
				"value": 1,
				"max": 1
			},
			"minecraft:scale": {
				"value": 0.95
			},
			"minecraft:collision_box": {
				"width": 2,
				"height": 1.5
			},
			"minecraft:health": {
				"value": 60
			},
			"minecraft:jump.static": {},
			"minecraft:physics": {},
			"minecraft:interact": {
			"interactions": [
				{
					"on_interact": {
						"filters": {
							"all_of": [
								{
									"test": "has_equipment",
									"subject": "other",
									"domain": "hand",
									"value": "ashminggu:wrench"
								}
							]
						},
						"event": "hood_close"
					},
					"use_item": false,
					"interact_text": "Close Hood"
				}
			]
		},
		"minecraft:pushable": {
			"is_pushable": false,
			"is_pushable_by_piston": true
			}
		},

		"events": {
      		"hood_close": {
        		"add": {
          			"component_groups": [
            			"hood_close"
          			]
        		}
      		}
		}
	}
}