{
	"format_version": "1.16.0",
	"minecraft:entity": {
		"description": {
			"identifier": "hachirokucoupe:red1_between",
			"is_spawnable": false,
			"is_summonable": false,
			"is_experimental": false,
			"scripts": {
				"animate": [
					"explode"
			]
		},
		"animations": {
			"explode": "controller.animation.ae86_explode"
			}
		},
		"component_groups": {
			"door_open": {
        		"minecraft:transformation": {
          		"into": "hachirokucoupe:red2",
          		"delay": 0.1
       			 }
    		},
    		"popups_open": {
        		"minecraft:transformation": {
          		"into": "hachirokucoupe:red1_open",
          		"delay": 0.1
       			 }
    		},
    		"hood_open": {
    			"minecraft:transformation": {
          		"into": "hachirokucoupe:red3",
          		"delay": 0.1
       			 }
    		}
		},
		"components": {
			"minecraft:type_family": {
				"family": [
					"cars"
				]
			},
			"minecraft:knockback_resistance": {
				"value": 1,
				"max": 1
			},
			"minecraft:scale": {
				"value": 0.95
			},
			"minecraft:collision_box": {
				"width": 2,
				"height": 1.5
			},
			"minecraft:health": {
				"value": 60
			},
			"minecraft:jump.static": {},
			"minecraft:physics": {},
			"minecraft:interact": {
				"interactions": [
					{
					"on_interact": {
						"filters": {
							"all_of": [
								{
									"test": "is_sneaking",
									"subject": "player",
									"value": true
								}
							]
						},
						"event": "popups_open"
					},
					"use_item": false,
					"interact_text": "Turn on popup headlights"
				},
				{
					"on_interact": {
						"filters": {
							"all_of": [
								{
									"test": "has_equipment",
									"subject": "other",
									"domain": "hand",
									"value": "ashminggu:wrench"
								}
							]
						},
						"event": "hood_open"
					},
					"use_item": false,
					"interact_text": "Open Hood"
				},
				{
					"on_interact": {
						"event": "door_open"
					},
					"use_item": false,
					"interact_text": "Open Door"
					}
				]
			},
			"minecraft:pushable": {
				"is_pushable": false,
				"is_pushable_by_piston": true
			}
		},

		"events": {
			"minecraft:entity_transformed": {
  				"run_command": {
    				"command": [
      					"playsound vehicle.ae86_ashminggu.popups_on @a[r=50] ~~~"
    				]
  				}
			},
			"door_open": {
        		"add": {
          			"component_groups": [
            			"door_open"
          			]
        		}
      		},
      		"popups_open": {
        		"add": {
          			"component_groups": [
            			"popups_open"
          			]
        		}
      		},
      		"hood_open": {
        		"add": {
          			"component_groups": [
            			"hood_open"
          			]
        		}
      		}
		}
	}
}