{
	"format_version": "1.8.0",
	"minecraft:client_entity": {
		"description": {
			"identifier": "gt40:brucemclaren1_between",
			"materials": {
				"default": "enderman",
				"glass": "entity_alphablend"
			},
			"textures": {
				"default": "textures/entity/gt40mkii/no2_bruce_mclaren"
			},
			"geometry": {
				"default": "geometry.gt40mkii_m1"
			},
			"render_controllers": [
				"controller.render.gt40mkii"
			],
			"animations": {
				"drive": "animation.gt40mkii.drive",
				"turning": "animation.gt40mkii.turning",
				"hood": "animation.gt40mkii.hood2"
			},
			"sound_effects": {
        		"close": "vehicle.gt40mkii.hood"
      		},
			"spawn_egg": {
				"texture": "gt40mkii",
				"texture_index": 0
			},
			"animation_controllers": [
				{
					"general": "controller.animation.gt40mkii.general3"
				}
			]
		}
	}
}