{
	"vehicle.scappuccino.drive": {
		"category": "neutral",
		"sounds": [
		  "sounds/scappuccino/drive"
		]
	},
	"vehicle.scappuccino.startup": {
		"category": "neutral",
		"sounds": [
		  "sounds/scappuccino/startup"
		]
	},
	"vehicle.scappuccino.doorclose": {
		"category": "neutral",
		"sounds": [
		  "sounds/scappuccino/doorclose"
		]
	},
	"vehicle.scappuccino.dooropen": {
		"category": "neutral",
		"sounds": [
		  "sounds/scappuccino/dooropen"
		]
	},
	"vehicle.scappuccino.hit" : {
         "__use_legacy_max_distance" : "true",
         "category" : "neutral",
         "sounds" : [
            "sounds/scappuccino/hit1",
            "sounds/scappuccino/hit2",
            "sounds/scappuccino/hit3"
        ]
    }
}