{
	"format_version": "1.16.0",
	"minecraft:entity": {
		"description": {
			"identifier": "hachiroku:white1_open_between",
			"is_spawnable": false,
			"is_summonable": false,
			"is_experimental": false,
			"scripts": {
				"animate": [
					"explode"
			]
		},
		"animations": {
			"explode": "controller.animation.ae86_explode"
			}
		},
		"component_groups": {
			"door_open": {
        		"minecraft:transformation": {
          		"into": "hachiroku:white2_open",
          		"delay": 0.1
       			 }
    		},
    		"popups_close": {
        		"minecraft:transformation": {
          		"into": "hachiroku:white1_between",
          		"delay": 0.1
       			 }
    		}
		},
		"components": {
			"minecraft:type_family": {
				"family": [
					"cars"
				]
			},
			"minecraft:knockback_resistance": {
				"value": 1,
				"max": 1
			},
			"minecraft:scale": {
				"value": 0.95
			},
			"minecraft:collision_box": {
				"width": 2,
				"height": 1.5
			},
			"minecraft:health": {
				"value": 60
			},
			"minecraft:jump.static": {},
			"minecraft:physics": {},
			"minecraft:interact": {
			"interactions": [
				{
					"on_interact": {
						"filters": {
							"all_of": [
								{
									"test": "is_sneaking",
									"subject": "player",
									"value": true
								}
							]
						},
						"event": "popups_close"
					},
					"use_item": false,
					"interact_text": "Turn off popup headlights"
				},
				{
					"on_interact": {
						"event": "door_open"
					},
					"use_item": false,
					"interact_text": "Open Door"
					}
				]
			},
			"minecraft:pushable": {
				"is_pushable": false,
				"is_pushable_by_piston": true
			}
		},

		"events": {
			"minecraft:entity_transformed": {
  				"run_command": {
    				"command": [
      					"playsound vehicle.ae86_ashminggu.doorclose @a[r=50] ~~~"
    				]
  				}
			},
			"door_open": {
        		"add": {
          			"component_groups": [
            			"door_open"
          			]
        		}
      		},
      		"popups_close": {
        		"add": {
          			"component_groups": [
            			"popups_close"
          			]
        		}
      		}
		}
	}
}