{
	"format_version": "1.8.0",
	"animations": {
		"animation.ae86_ashminggu.turning": {
			"loop": true,
			"bones": {
				"fronttire1": {
					"rotation": [0, "Math.max(-26, Math.min(26,query.yaw_speed * 0.5))", 0]
				},
				"fronttire2": {
					"rotation": [0, "Math.max(-26, Math.min(26,query.yaw_speed * 0.5))", 0]
				},
				"steeringwheel": {
					"rotation": [0, 0, "Math.max(-30, Math.min(30,query.yaw_speed * 0.5))*-1"]
				},
				"fbl": {
					"rotation": [0, "Math.max(-26, Math.min(26,query.yaw_speed * 0.5))", 0]
				},
				"fbr": {
					"rotation": [0, "Math.max(-26, Math.min(26,query.yaw_speed * 0.5))", 0]
				}
			}
		},
		"animation.ae86_ashminggu.hood_open": {
			"loop": false,
			"bones": {
				"hood": {
					"rotation": {
						"0.0": [60, 0, 0],
						"0.56": [0, 0, 0]
					}
				}
			}
		},
		"animation.ae86_ashminggu.hood_close": {
			"loop": false,
			"bones": {
				"hood": {
					"rotation": {
						"0.0": [-60, 0, 0],
						"0.56": [0, 0, 0]
					}
				}
			}
		},
		"animation.ae86_ashminggu.drive": {
			"loop": true,
			"animation_length": 0.1667,
			"bones": {
				"fronttire1": {
					"rotation": {
						"0.0": [0, 0, 0],
						"0.1667": [180, 0, 0]
					}
				},
				"fronttire2": {
					"rotation": {
						"0.0": [0, 0, 0],
						"0.1667": [180, 0, 0]
					}
				},
				"backtires": {
					"rotation": {
						"0.0": [0, 0, 0],
						"0.1667": [180, 0, 0]
					}
				},
				"pecutan": {
					"position": [0, -1, 0]
				}
			}
		},
		"animation.ae86_ashminggu.door": {
			"loop": true,
			"bones": {
				"leftdoor": {
					"rotation": [0, -45, 0]
					},
				"rightdoor": {
					"rotation": [0, 45, 0]
					}
				}
			},
		"animation.ae86_ashminggu.open": {
			"loop": false,
			"bones": {
				"leftdoor": {
					"rotation": {
						"0.0": [0, -45, 0],
						"0.56": [0, 0, 0]
					}
				},
				"rightdoor": {
					"rotation": {
						"0.0": [0, 45, 0],
						"0.56": [0, 0, 0]
					}
				}
			}
		},
		"animation.ae86_ashminggu.popups": {
			"loop": false,
			"bones": {
				"popups": {
					"rotation": {
						"0.0": [75, 0, 0],
						"0.56": [0, 0, 0]
					}
				}
			}
		},
		"animation.ae86_ashminggu.popups2": {
			"loop": false,
			"bones": {
				"popups": {
					"rotation": {
						"0.0": [-75, 0, 0],
						"0.56": [0, 0, 0]
					}
				}
			}
		},
		"animation.ae86_ashminggu.close": {
			"loop": false,
			"bones": {
				"leftdoor": {
					"rotation": {
						"0.0": [0, 45, 0],
						"0.56": [0, 0, 0]
					}
				},
				"rightdoor": {
					"rotation": {
						"0.0": [0, -45, 0],
						"0.56": [0, 0, 0]
					}
				}
			}
		},
		"animation.ae86_ashminggu.meter1": {
			"loop": false,
			"bones": {
				"speedmeter": {
					"rotation": {
						"0.0": [0, 0, 200],
						"11.5": [0, 0, 0]
					}
				},
				"rpm_meter": {
					"rotation": {
						//first gear
						"0.0": [0, 0, 207.5],
						//second gear
						"2": [0, 0, 0],
						"2.1": [0, 0, 207.5],
						//third gear
						"4.5": [0, 0, 0],
						"4.6": [0, 0, 207.5],
						//4th gear
						"6.5": [0, 0, 0],
						"6.6": [0, 0, 207.5],
						//5th gear
						"8.5": [0, 0, 0],
						"8.6": [0, 0, 207.5],

						"11.5": [0, 0, 0]
					}
				}
			}
		},
		"animation.ae86_ashminggu.meter_player": {
			"loop": true,
			"bones": {
				"speedmeter": {
					"position": [0, 0, 1]
					},
				"rpm_meter": {
					"position": [0, 0, 1]
				}
			}
		},
		"animation.ae86_ashminggu.meter_player2": {
			"loop": true,
			"bones": {
				"speedmeter2": {
					"position": [0, 0, -1]
					},
				"rpm_meter2": {
					"position": [0, 0, -1]
				}	
			}
		}
	}
}