{
	"format_version": "1.8.0",
	"minecraft:client_entity": {
		"description": {
			"identifier": "m787b:stealth1_between",
			"materials": {
				"default": "enderman",
				"glass": "entity_alphablend"
			},
			"textures": {
				"default": "textures/entity/mazda787b/stealth_model"
			},
			"geometry": {
				"default": "geometry.mazda787b_m1"
			},
			"render_controllers": [
				"controller.render.mazda787b"
			],
			"animations": {
				"drive": "animation.mazda787b.drive",
				"turning": "animation.mazda787b.turning",
				"efini": "animation.mazda787b.efini"
			},
			"spawn_egg": {
				"texture": "mazda787b",
				"texture_index": 0
			},
			"animation_controllers": [
				{
					"general": "controller.animation.mazda787b.general3"
				}
			]
		}
	}
}