{
	"format_version": "1.8.0",
	"minecraft:client_entity": {
		"description": {
			"identifier": "scappuccino:gtwhite2",
			"materials": {
				"default": "enderman",
				"glass": "entity_alphablend"
			},
			"textures": {
				"default": "textures/entity/suzuki_cappuccino/gt_white"
			},
			"geometry": {
				"default": "geometry.suzuki_cappuccino_gt_m2"
			},
			"render_controllers": [
				"controller.render.suzuki_cappuccino_gt"
			],
			"animations": {
				"drive": "animation.suzuki_cappuccino.drive",
				"turning": "animation.suzuki_cappuccino.turning",
				"door": "animation.suzuki_cappuccino.door",
				"open": "animation.suzuki_cappuccino.open",
				"meter_player": "animation.suzuki_cappuccino.meter_player",
				"meter_player2": "animation.suzuki_cappuccino.meter_player2",
				"wipers": "animation.suzuki_cappuccino.wipers"
			},
			"sound_effects": {
        		"open": "vehicle.scappuccino.dooropen"
      		},
			"spawn_egg": {
				"texture": "suzuki_cappuccino",
				"texture_index": 0
			},
			"animation_controllers": [
				{
					"general": "controller.animation.suzuki_cappuccino.general2"
				}
			]
		}
	}
}