{
	"format_version": "1.8.0",
	"minecraft:client_entity": {
		"description": {
			"identifier": "gryaris:black2_open",
			"materials": {
				"default": "enderman"
			},
			"textures": {
				"default": "textures/entity/gryaris/black"
			},
			"geometry": {
				"default": "geometry.gryaris_m2_open"
			},
			"render_controllers": [
				"controller.render.gryaris"
			],
			"animations": {
				"drive": "animation.gryaris.drive",
				"turning": "animation.gryaris.turning",
				"door": "animation.gryaris.door",
				"open": "animation.gryaris.open",
				"meter_player": "animation.gryaris.meter_player",
				"meter_player2": "animation.gryaris.meter_player2",
				"wipers": "animation.gryaris.wipers"
			},
			"sound_effects": {
        		"open": "vehicle.gryaris.dooropen"
      		},
			"spawn_egg": {
				"texture": "gryaris",
				"texture_index": 0
			},
			"animation_controllers": [
				{
					"general": "controller.animation.gryaris.general2"
				}
			]
		}
	}
}