{
	"format_version": "1.8.0",
	"minecraft:client_entity": {
		"description": {
			"identifier": "gryaris:hks1_open",
			"materials": {
				"default": "enderman",
				"glass": "entity_alphablend"
			},
			"textures": {
				"default": "textures/entity/gryaris/hks"
			},
			"geometry": {
				"default": "geometry.gryaris_wrc_m1_open"
			},
			"render_controllers": [
				"controller.render.gryaris"
			],
			"animations": {
				"drive": "animation.gryaris.drive",
				"turning": "animation.gryaris.turning",
				"hood": "animation.gryaris.hood"
			},
			"spawn_egg": {
				"texture": "gryaris",
				"texture_index": 0
			},
			"animation_controllers": [
				{
					"general": "controller.animation.gryaris.general3"
				}
			]
		}
	}
}