{
	"format_version": "1.8.0",
	"minecraft:client_entity": {
		"description": {
			"identifier": "gt40:gulf2",
			"materials": {
				"default": "enderman",
				"glass": "entity_alphablend"
			},
			"textures": {
				"default": "textures/entity/gt40mkii/gulf"
			},
			"geometry": {
				"default": "geometry.gt40mkii_m2"
			},
			"render_controllers": [
				"controller.render.gt40mkii"
			],
			"animations": {
				"drive": "animation.gt40mkii.drive",
				"turning": "animation.gt40mkii.turning",
				"door": "animation.gt40mkii.door",
				"open": "animation.gt40mkii.open",
				"meter_player": "animation.gt40mkii.meter_player",
				"meter_player2": "animation.gt40mkii.meter_player2",
				"wipers": "animation.gt40mkii.wipers"
			},
			"sound_effects": {
        		"open": "vehicle.gt40mkii.dooropen"
      		},
			"spawn_egg": {
				"texture": "gt40mkii",
				"texture_index": 0
			},
			"animation_controllers": [
				{
					"general": "controller.animation.gt40mkii.general2"
				}
			]
		}
	}
}