{
	"format_version": "1.8.0",
	"minecraft:client_entity": {
		"description": {
			"identifier": "gt40:gulf1_open",
			"materials": {
				"default": "enderman",
				"glass": "entity_alphablend"
			},
			"textures": {
				"default": "textures/entity/gt40mkii/gulf"
			},
			"geometry": {
				"default": "geometry.gt40mkii_m1_open"
			},
			"render_controllers": [
				"controller.render.gt40mkii"
			],
			"animations": {
				"drive": "animation.gt40mkii.drive",
				"turning": "animation.gt40mkii.turning",
				"hood": "animation.gt40mkii.hood"
			},
			"spawn_egg": {
				"texture": "gt40mkii",
				"texture_index": 0
			},
			"animation_controllers": [
				{
					"general": "controller.animation.gt40mkii.general3"
				}
			]
		}
	}
}