{
	"vehicle.bnr34.drive": {
		"category": "neutral",
		"sounds": [
		  "sounds/bnr34/drive"
		]
	},
	"vehicle.bnr34.startup": {
		"category": "neutral",
		"sounds": [
		  "sounds/bnr34/startup"
		]
	},
	"vehicle.bnr34.doorclose": {
		"category": "neutral",
		"sounds": [
		  "sounds/bnr34/doorclose"
		]
	},
	"vehicle.bnr34.dooropen": {
		"category": "neutral",
		"sounds": [
		  "sounds/bnr34/dooropen"
		]
	},
	"vehicle.bnr34.hood": {
		"category": "neutral",
		"sounds": [
		  "sounds/bnr34/hood"
		]
	},
	"vehicle.bnr34.hit" : {
         "__use_legacy_max_distance" : "true",
         "category" : "neutral",
         "sounds" : [
            "sounds/bnr34/hit1",
            "sounds/bnr34/hit2",
            "sounds/bnr34/hit3"
        ]
    }
}