{
	"format_version": "1.16.0",
	"minecraft:entity": {
		"description": {
			"identifier": "scappuccino:gtwhite2",
			"is_spawnable": false,
			"is_summonable": false,
			"is_experimental": false,
			"scripts": {
				"animate": [
					"startup",
					"seat",
					"meter"
			]
		},
		"animations": {
			"startup": "controller.animation.suzuki_cappuccino_startup",
			"seat": "controller.animation.suzuki_cappuccino_seat",
			"meter": "controller.animation.suzuki_cappuccino_meter"
			}
		},
		"component_groups": {
			"door_close": {
        		"minecraft:transformation": {
          		"into": "scappuccino:gtwhite1",
          		"delay": 0.1
       			 }
    		}
		},
		"components": {
			"minecraft:type_family": {
				"family": [
					"cars",
					"suzuki_cappuccino"
				]
			},
			"minecraft:knockback_resistance": {
				"value": 1,
				"max": 1
			},
			"minecraft:scale": {
				"value": 0.98
			},
			"minecraft:collision_box": {
				"width": 1.4,
				"height": 1
			},
			"minecraft:health": {
				"value": 60
			},
			"minecraft:movement": {
				"value": 0.485
			},
			"minecraft:movement.basic": {},
			"minecraft:jump.static": {},
			"minecraft:input_ground_controlled": {},
			"minecraft:physics": {},
			"minecraft:rideable": {
				"seat_count": 2,
				"crouching_skip_interact": true,
				"interact_text": "Drive",
				"family_types": [
					"player",
					"villager"
				],
				"pull_in_entities": true,
				"seats": [
					{
						"position": [
							-0.5,
							-0.1,
							-0.4
						],
						"min_rider_count": 1,
						"max_rider_count": 2
					},
					{
						"position": [
							0.5,
							-0.1,
							-0.4
						],
						"min_rider_count": 1,
						"max_rider_count": 2
					}
				]
			},
			"minecraft:interact": {
			"interactions": [
				{
					"on_interact": {
						"filters": {
							"all_of": [
								{
									"test": "is_sneaking",
									"subject": "player",
									"value": true
								}
							]
						},
						"event": "door_close"
					},
					"use_item": false,
					"interact_text": "Close Door"
					}
				]
			},
			"minecraft:pushable": {
				"is_pushable": false,
				"is_pushable_by_piston": true
			}
		},
		"events": {
			"door_close": {
        		"add": {
          			"component_groups": [
            			"door_close"
          			]
        		}
      		}
		}
	}
}